Quarter,Date,School Name,UNITID,Fossil Fuel Exposure,Divested?,Type of Divestment,"Able to confirm ""rejection""","Type of ""no""",Key NO Text,Reason for rejection,NAS Citation,Relevant links,MY CODES:,Substitute Sustainability,Substitute Sustainability Education,Substitute Impact Investing,Fiduciary,Apolitical,Not Enough Comparable Institutions Divesting,Ineffective,No Consensus on Effectiveness,Unpredictable,Contradictory,No Political Consensus,Insufficient Campus Discourse,Focus on Consumption,Insufficient Moral Case,Shareholder Engagement,Risk Losing Company Donors,Previous Action Enough,Slippery Slope,Fossil Fuels are Necessary,Criticism of Divestment Movement Tactics,Too Complicated,Fossil Fuel Companies = Green Energy Companies,NAS CODES:,Costs,Donor Intent,Fiduciary,Substitute Academic Study of Sustainability,Target Consumption Instead,Shareholder Engagement,Too Political,Anti-Intellectual,Slippery Slope,Ineffective,Fossil Fuels are Necessary,Not Enough Peer Institutions,Does Not Discriminate Better From Worse Fossil Fuel Companies
2014 Q4,21-Nov-14,American University,131159,,No,NA,Yes,Unconditional,"Since the conditions for board__ primary Fiduciary responsibilities cannot be satisfied, the Finance and Investment Committee concluded that divestment is not an option the board can take to express a position on climate change.",Fiduciary,"Jeffrey A. Sine, __all 2014 Board of Trustees Meeting__ustainability & Fossil Free Discussion and Decision,_ Memo to
American University Community, November 21, 2014. http://www.american.edu/trustees/Announcement-November-21-2014.
cfm?refresh.", ,,0,0,0,1,0,0,0,0,0,0,0,0,0,0,0,0,0,0,0,0,0,0,,1,,1,,,,,,,,,,
2015 Q1,24-Feb-15,Amherst College,164465,,No,NA,Yes,Unconditional,The statement does not endorse divestment of the endowment from fossil fuels.,Substitute Sustainability; Fiduciary,"Amherst College Board of Trustees, Letter to Members of the Amherst College Community, Amherst College, February 24,
2015. https://www.amherst.edu/aboutamherst/facts/trustees/statements/node/600726.", ,,1,0,0,1,0,0,0,0,0,0,0,0,0,0,0,0,0,0,0,0,0,0,,,,1,,,,,,,,,,
2014 Q1,21-Jan-14,Bates College,160977,,No,NA,Yes,Unconditional,"Based on these interactions over a period of time and a careful review of the full range of implications, the Board of Trustees has chosen not to alter its current framework for endowment investment to divest from the fossil fuel industry.",Fiduciary; Apolitical; Substitute Sustainability Education,"Clayton Spencer, Letter to Members of the Bates Community, Bates College Office of the President, January 21, 2014.
http://www.bates.edu/president/2014/01/21/statement-on-climate-change-and-divestment/.", ,,0,1,0,1,1,0,0,0,0,0,0,0,0,0,0,0,0,0,0,0,0,0,,1,1,1,1,,,1,,,,,,
2014 Q1,14-Feb,Boston College,164924,,No,NA,Yes,Informal,"""'He told us straightforwardly that BC would not lead on divestment; that no large-endowment universities are moving on this; that our efforts were praise-worthy, but we should find something more realistic.'""",Contradictory; Ineffective; Not Enough Comparable Schools,"__C Fossil Free Meets with Fr. Leahy on Divestment,_ Climate Justice @ Boston College, February 2014. http://
climatejusticebc.com/resources/relations-with-bc-administration/.", ,,0,0,0,0,0,1,1,0,0,1,0,0,0,0,0,0,0,0,0,0,0,0,,,,,,,,1,,,1,,1,
2012 Q4,7-Dec-12,Bowdoin College,161004,,No,NA,Yes,At this time,"_'At this point, we__e not prepared to commit to divest from fossil fuels, but I would never say never,' said President Mills on Tuesday afternoon""; President Rose 3 years later: _'I__e done a lot of reading about where we come from and what our policies are as well as what other schools have done, and I have read or heard nothing to change my view that we should not divest,' he said. __o, we will continue that policy going forward. I__ happy to talk to anybody that wants to talk about this, and we__l always strive to keep an open mind.'""",Apolitical; No Political Consensus; Ineffective; Should Focus On Consumption,"Marisa McGarry, __ills says College Will Not Divest From Fossil Fuels,_ Bowdoin Orient, December 7, 2012. http://
bowdoinorient.com/article/7814. Sam Chase, __ose Plans to Listen and Learn in Early Days of Presidency,_ Bowdoin Orient, July 2, 2015. http://
bowdoinorient.com/article/10313.", ,,0,0,0,0,1,0,1,0,0,0,0,0,1,0,0,0,0,0,0,0,0,0,, ,,,,1,,1,,,1,,,
2013 Q4,27-Oct-13,Brown University,217156,,No,NA,Yes,Unconditional,The conclusion of this discussion is that Brown will not divest from coal . . . Our consideration of divestiture is over,Substitute Sustainability Education; Ineffective; Insufficient Moral Case; Fossil Fuels Are Necessary,"Christina H. Paxson, Letter to Members of the Brown Community, Brown University Office of the President, October 27,
2013. http://www.brown.edu/about/administration/president/2013-10-27-coal-divestment-update.", ,,0,1,0,0,0,0,1,0,0,0,0,0,0,1,0,0,0,0,1,0,0,0,,,,,1,,,,1,,1,1,,
2013 Q3,18-Aug-13,Bryn Mawr College,211273,,No,NA,Yes,Unconditional,As fiduciaries of the College we are unable to recommend to the full Board this October the changes to the College__ investment strategy that you have called for as they would significantly reduce investment returns and the capacity of the College to fulfill its primary Educational mission.,Fiduciary; Shareholder Engagement; Substitute Sustainability; Ineffective,"Cheryl R. Holland, __etter to Lina, Caroline, Eva, Lena, Betsy, Johanna, Karen, Lee, Sofia, and Jacinda,_ Bryn Mawr
College Board of Trustees, Investment Policy Subcommittee, August 2013. http://news.brynmawr.edu/files/2013/08/
August_27_2013BMCDivest-1.pdf.", ,,1,0,0,1,0,0,1,0,0,0,0,0,0,0,1,0,0,0,0,0,0,0,,1,,1,,,1,,,,1,,,1
2013 Q4,1-Oct-13,CUNY Bernard M Baruch College,190512,,No,NA,Yes,Unconditional,"""Administration officials told students that divestment was out of the question . . . the board has not budged, arguing that divestment could limit investment returns and hurt financial aid scholarships.""",Fiduciary,"__UNY Divest History,_ CUNY Divest, June 22, 2015. http://www.cunydivest.org/history.html.","https://www.psc-cuny.org/clarion/october-2016/divesting-fossil-fuels-cuny, https://www.wsj.com/articles/cuny-is-pressured-to-divest-itself-of-investments-in-fossil-fuel-companies-1416193565", ,0,0,0,1,0,0,0,0,0,0,0,0,0,0,0,0,0,0,0,0,0,0,,1,,1,,,,,,,,,,
2013 Q4,1-Oct-13,CUNY Borough of Manhattan Community College,190521,,No,NA,Yes,Unconditional,"""Administration officials told students that divestment was out of the question . . . the board has not budged, arguing that divestment could limit investment returns and hurt financial aid scholarships.""",Fiduciary,"__UNY Divest History,_ CUNY Divest, June 22, 2015. http://www.cunydivest.org/history.html.","https://www.psc-cuny.org/clarion/october-2016/divesting-fossil-fuels-cuny, https://www.wsj.com/articles/cuny-is-pressured-to-divest-itself-of-investments-in-fossil-fuel-companies-1416193565", ,0,0,0,1,0,0,0,0,0,0,0,0,0,0,0,0,0,0,0,0,0,0,,1,,1,,,,,,,,,,
2013 Q4,1-Oct-13,CUNY Bronx Community College,190530,,No,NA,Yes,Unconditional,"""Administration officials told students that divestment was out of the question . . . the board has not budged, arguing that divestment could limit investment returns and hurt financial aid scholarships.""",Fiduciary,"__UNY Divest History,_ CUNY Divest, June 22, 2015. http://www.cunydivest.org/history.html.","https://www.psc-cuny.org/clarion/october-2016/divesting-fossil-fuels-cuny, https://www.wsj.com/articles/cuny-is-pressured-to-divest-itself-of-investments-in-fossil-fuel-companies-1416193565", ,0,0,0,1,0,0,0,0,0,0,0,0,0,0,0,0,0,0,0,0,0,0,,1,,1,,,,,,,,,,
2013 Q4,1-Oct-13,CUNY Brooklyn College,190549,,No,NA,Yes,Unconditional,"""Administration officials told students that divestment was out of the question . . . the board has not budged, arguing that divestment could limit investment returns and hurt financial aid scholarships.""",Fiduciary,"__UNY Divest History,_ CUNY Divest, June 22, 2015. http://www.cunydivest.org/history.html.","https://www.psc-cuny.org/clarion/october-2016/divesting-fossil-fuels-cuny, https://www.wsj.com/articles/cuny-is-pressured-to-divest-itself-of-investments-in-fossil-fuel-companies-1416193565", ,0,0,0,1,0,0,0,0,0,0,0,0,0,0,0,0,0,0,0,0,0,0,,1,,1,,,,,,,,,,
2013 Q4,1-Oct-13,CUNY City College,190567,,No,NA,Yes,Unconditional,"""Administration officials told students that divestment was out of the question . . . the board has not budged, arguing that divestment could limit investment returns and hurt financial aid scholarships.""",Fiduciary,"__UNY Divest History,_ CUNY Divest, June 22, 2015. http://www.cunydivest.org/history.html.","https://www.psc-cuny.org/clarion/october-2016/divesting-fossil-fuels-cuny, https://www.wsj.com/articles/cuny-is-pressured-to-divest-itself-of-investments-in-fossil-fuel-companies-1416193565", ,0,0,0,1,0,0,0,0,0,0,0,0,0,0,0,0,0,0,0,0,0,0,,1,,1,,,,,,,,,,
2013 Q4,1-Oct-13,CUNY Graduate School and University Center,190576,,No,NA,Yes,Unconditional,"""Administration officials told students that divestment was out of the question . . . the board has not budged, arguing that divestment could limit investment returns and hurt financial aid scholarships.""",Fiduciary,"__UNY Divest History,_ CUNY Divest, June 22, 2015. http://www.cunydivest.org/history.html.","https://www.psc-cuny.org/clarion/october-2016/divesting-fossil-fuels-cuny, https://www.wsj.com/articles/cuny-is-pressured-to-divest-itself-of-investments-in-fossil-fuel-companies-1416193565", ,0,0,0,1,0,0,0,0,0,0,0,0,0,0,0,0,0,0,0,0,0,0,,1,,1,,,,,,,,,,
2013 Q4,1-Oct-13,CUNY Hostos Community College,190585,,No,NA,Yes,Unconditional,"""Administration officials told students that divestment was out of the question . . . the board has not budged, arguing that divestment could limit investment returns and hurt financial aid scholarships.""",Fiduciary,"__UNY Divest History,_ CUNY Divest, June 22, 2015. http://www.cunydivest.org/history.html.","https://www.psc-cuny.org/clarion/october-2016/divesting-fossil-fuels-cuny, https://www.wsj.com/articles/cuny-is-pressured-to-divest-itself-of-investments-in-fossil-fuel-companies-1416193565", ,0,0,0,1,0,0,0,0,0,0,0,0,0,0,0,0,0,0,0,0,0,0,,1,,1,,,,,,,,,,
2013 Q4,1-Oct-13,CUNY Hunter College,190594,,No,NA,Yes,Unconditional,"""Administration officials told students that divestment was out of the question . . . the board has not budged, arguing that divestment could limit investment returns and hurt financial aid scholarships.""",Fiduciary,"__UNY Divest History,_ CUNY Divest, June 22, 2015. http://www.cunydivest.org/history.html.","https://www.psc-cuny.org/clarion/october-2016/divesting-fossil-fuels-cuny, https://www.wsj.com/articles/cuny-is-pressured-to-divest-itself-of-investments-in-fossil-fuel-companies-1416193565", ,0,0,0,1,0,0,0,0,0,0,0,0,0,0,0,0,0,0,0,0,0,0,,1,,1,,,,,,,,,,
2013 Q4,1-Oct-13,CUNY John Jay College of Criminal Justice,190600,,No,NA,Yes,Unconditional,"""Administration officials told students that divestment was out of the question . . . the board has not budged, arguing that divestment could limit investment returns and hurt financial aid scholarships.""",Fiduciary,"__UNY Divest History,_ CUNY Divest, June 22, 2015. http://www.cunydivest.org/history.html.","https://www.psc-cuny.org/clarion/october-2016/divesting-fossil-fuels-cuny, https://www.wsj.com/articles/cuny-is-pressured-to-divest-itself-of-investments-in-fossil-fuel-companies-1416193565", ,0,0,0,1,0,0,0,0,0,0,0,0,0,0,0,0,0,0,0,0,0,0,,1,,1,,,,,,,,,,
2013 Q4,1-Oct-13,CUNY Kingsborough Community College,190619,,No,NA,Yes,Unconditional,"""Administration officials told students that divestment was out of the question . . . the board has not budged, arguing that divestment could limit investment returns and hurt financial aid scholarships.""",Fiduciary,"__UNY Divest History,_ CUNY Divest, June 22, 2015. http://www.cunydivest.org/history.html.","https://www.psc-cuny.org/clarion/october-2016/divesting-fossil-fuels-cuny, https://www.wsj.com/articles/cuny-is-pressured-to-divest-itself-of-investments-in-fossil-fuel-companies-1416193565", ,0,0,0,1,0,0,0,0,0,0,0,0,0,0,0,0,0,0,0,0,0,0,,1,,1,,,,,,,,,,
2013 Q4,1-Oct-13,CUNY LaGuardia Community College,190628,,No,NA,Yes,Unconditional,"""Administration officials told students that divestment was out of the question . . . the board has not budged, arguing that divestment could limit investment returns and hurt financial aid scholarships.""",Fiduciary,"__UNY Divest History,_ CUNY Divest, June 22, 2015. http://www.cunydivest.org/history.html.","https://www.psc-cuny.org/clarion/october-2016/divesting-fossil-fuels-cuny, https://www.wsj.com/articles/cuny-is-pressured-to-divest-itself-of-investments-in-fossil-fuel-companies-1416193565", ,0,0,0,1,0,0,0,0,0,0,0,0,0,0,0,0,0,0,0,0,0,0,,1,,1,,,,,,,,,,
2013 Q4,1-Oct-13,CUNY Lehman College,190637,,No,NA,Yes,Unconditional,"""Administration officials told students that divestment was out of the question . . . the board has not budged, arguing that divestment could limit investment returns and hurt financial aid scholarships.""",Fiduciary,"__UNY Divest History,_ CUNY Divest, June 22, 2015. http://www.cunydivest.org/history.html.","https://www.psc-cuny.org/clarion/october-2016/divesting-fossil-fuels-cuny, https://www.wsj.com/articles/cuny-is-pressured-to-divest-itself-of-investments-in-fossil-fuel-companies-1416193565", ,0,0,0,1,0,0,0,0,0,0,0,0,0,0,0,0,0,0,0,0,0,0,,1,,1,,,,,,,,,,
2013 Q4,1-Oct-13,CUNY Medgar Evers College,190646,,No,NA,Yes,Unconditional,"""Administration officials told students that divestment was out of the question . . . the board has not budged, arguing that divestment could limit investment returns and hurt financial aid scholarships.""",Fiduciary,"__UNY Divest History,_ CUNY Divest, June 22, 2015. http://www.cunydivest.org/history.html.","https://www.psc-cuny.org/clarion/october-2016/divesting-fossil-fuels-cuny, https://www.wsj.com/articles/cuny-is-pressured-to-divest-itself-of-investments-in-fossil-fuel-companies-1416193565", ,0,0,0,1,0,0,0,0,0,0,0,0,0,0,0,0,0,0,0,0,0,0,,1,,1,,,,,,,,,,
2013 Q4,1-Oct-13,CUNY New York City College of Technology,190655,,No,NA,Yes,Unconditional,"""Administration officials told students that divestment was out of the question . . . the board has not budged, arguing that divestment could limit investment returns and hurt financial aid scholarships.""",Fiduciary,"__UNY Divest History,_ CUNY Divest, June 22, 2015. http://www.cunydivest.org/history.html.","https://www.psc-cuny.org/clarion/october-2016/divesting-fossil-fuels-cuny, https://www.wsj.com/articles/cuny-is-pressured-to-divest-itself-of-investments-in-fossil-fuel-companies-1416193565", ,0,0,0,1,0,0,0,0,0,0,0,0,0,0,0,0,0,0,0,0,0,0,,1,,1,,,,,,,,,,
2013 Q4,1-Oct-13,CUNY Queens College,190664,,No,NA,Yes,Unconditional,"""Administration officials told students that divestment was out of the question . . . the board has not budged, arguing that divestment could limit investment returns and hurt financial aid scholarships.""",Fiduciary,"__UNY Divest History,_ CUNY Divest, June 22, 2015. http://www.cunydivest.org/history.html.","https://www.psc-cuny.org/clarion/october-2016/divesting-fossil-fuels-cuny, https://www.wsj.com/articles/cuny-is-pressured-to-divest-itself-of-investments-in-fossil-fuel-companies-1416193565", ,0,0,0,1,0,0,0,0,0,0,0,0,0,0,0,0,0,0,0,0,0,0,,1,,1,,,,,,,,,,
2013 Q4,1-Oct-13,CUNY Queensborough Community College,190673,,No,NA,Yes,Unconditional,"""Administration officials told students that divestment was out of the question . . . the board has not budged, arguing that divestment could limit investment returns and hurt financial aid scholarships.""",Fiduciary,"__UNY Divest History,_ CUNY Divest, June 22, 2015. http://www.cunydivest.org/history.html.","https://www.psc-cuny.org/clarion/october-2016/divesting-fossil-fuels-cuny, https://www.wsj.com/articles/cuny-is-pressured-to-divest-itself-of-investments-in-fossil-fuel-companies-1416193565", ,0,0,0,1,0,0,0,0,0,0,0,0,0,0,0,0,0,0,0,0,0,0,,1,,1,,,,,,,,,,
2013 Q4,1-Oct-13,CUNY School of Law,190682,,No,NA,Yes,Unconditional,"""Administration officials told students that divestment was out of the question . . . the board has not budged, arguing that divestment could limit investment returns and hurt financial aid scholarships.""",Fiduciary,"__UNY Divest History,_ CUNY Divest, June 22, 2015. http://www.cunydivest.org/history.html.","https://www.psc-cuny.org/clarion/october-2016/divesting-fossil-fuels-cuny, https://www.wsj.com/articles/cuny-is-pressured-to-divest-itself-of-investments-in-fossil-fuel-companies-1416193565", ,0,0,0,1,0,0,0,0,0,0,0,0,0,0,0,0,0,0,0,0,0,0,,1,,1,,,,,,,,,,
2013 Q4,1-Oct-13,CUNY York College,190691,,No,NA,Yes,Unconditional,"""Administration officials told students that divestment was out of the question . . . the board has not budged, arguing that divestment could limit investment returns and hurt financial aid scholarships.""",Fiduciary,"__UNY Divest History,_ CUNY Divest, June 22, 2015. http://www.cunydivest.org/history.html.","https://www.psc-cuny.org/clarion/october-2016/divesting-fossil-fuels-cuny, https://www.wsj.com/articles/cuny-is-pressured-to-divest-itself-of-investments-in-fossil-fuel-companies-1416193565", ,0,0,0,1,0,0,0,0,0,0,0,0,0,0,0,0,0,0,0,0,0,0,,1,,1,,,,,,,,,,
2015 Q2,15-May,Colorado College,126678,,No,NA,Yes,Informal,"Interview with student divestment activist in The Gazette -- describes college agreeing to form responsible Investing committee, where in the past it had been a ""flat 'no'"" on divestment (student optimistic that the no is ""at this time"" but unclear how true that is)",Fiduciary,"Mark Ferguson, et. al., __ustainability Knowledge Team Report,_ Colorado College, 2013. https://www.coloradocollege.edu/
dotAsset/c015488a-cae8-4a62-bc02-cfd240479df3.pdf.",https://www.coloradocollege.edu/dotAsset/b6642cc0-d716-420f-a3d5-b45d960907df.pdf https://gazette.com/news/colorado-college-students-say-school-s-investment-principles-don-t/article_6750035a-5d26-5f33-807c-2087e460d36c.html https://www.coloradocollege.edu/basics/welcome/leadership/trustees/updates.html#may12 http://catalystnewspaper.com/lifestyle/why-isnt-colorado-college-divesting-a-look-into-ccs-inaction/, ,0,0,0,1,0,0,0,0,0,0,0,0,0,0,0,0,0,0,0,0,0,0,, ,,,,,,,,,,,,
2013 Q2,18-Apr-13,Cornell University,190415,,No,NA,Yes,Unconditional,"Given the delicate status of our university__ budget, which is balanced, but by a very fine margin, I am unwilling to recommend divestment from fossil fuel companies to our chief investment officer or to the Investment Committee of the Board of Trustees.",Fiduciary; Substitute Sustainability; Substitute Sustainability Education; Unpredictable; Substitute Impact Investing; Apolitical,"David J. Skorton, __ivestment: A Complicated Issue for Universities,_ Cornell Daily Sun, April 15, 2013, reprinted in
Sustainable Campus Cornell University, April 18, 2013. http://www.sustainablecampus.cornell.edu/blogs/news/posts/op-edfrom-
president-skorton-divestment-a-complicated-issue-for-universities. David Skorton, __korton Responds to Faculty Senate Call for Divestment,_ Cornell Chronicle, February 26, 2014. http://
www.news.cornell.edu/stories/2014/02/skorton-responds-faculty-senate-call-divestment.", , ,1,1,1,1,1,0,0,0,1,0,0,0,0,0,0,0,0,0,0,0,0,0,,1,,1,1,,,1,,,1,,,
2014 Q1,14-Mar,Davidson College,198385,,No,NA,Yes,Informal,"""Davidson College trustees have rejected students_ pleas to divest from the fossil fuel industry, saying the move would have no Impact on the industry.""",Ineffective; Fiduciary; Substitute Sustainability; Substitute Sustainability Education,"Carol E. Quillen, __GA Referendum on Divestment_ Email February 12, 2014, quoted in Lincoln Davidson, __rustees Reject Students_ Call to Divest From Fossil Fuels,_ Davidson News Net, March 1, 2014.","Original article archived (blurb visible, must purchase to see full text): http://nl.newsbank.com/nl-search/we/Archives?p_product=DNC7&p_theme=dnc7&p_action=search&p_maxdocs=200&s_dispstring=date(3/1/2014%20to%203/1/2014)&p_field_date-0=YMD_date&p_params_date-0=date:B,E&p_text_date-0=3/1/2014%20to%203/1/2014)&xcal_numdocs=30&p_perpage=15&p_sort=_rank_:D&xcal_ranksort=4&xcal_useweights=yes. Beyond Fossil Fuel Divestment thesis: http://davidsonnews.net/blog/2014/03/01/college-trustees-reject-divestmentreferendum/ Huffington Post article summarizes letter: https://www.huffingtonpost.com/edith-ismene-nicolaougriffin/why-size-doesnt-matter-di_b_6551302.html. Letter from divest campaign members to board and president, mentions letter from board: https://www.hercampus.com/school/davidson/open-letter-davidson-college-president-and-board-fossil-fuel-divestment-campaigners. ", ,1,1,0,1,0,0,1,0,0,0,0,0,0,0,0,0,0,0,0,0,0,0,,1,,1,1,,,,,,1,,,
2014 Q4,24-Nov-14,Duke University,198419,,No,NA,Yes,At this time,"In light of the overall weight of-the above-listed findings, we do not, under the present circumstances, recommend divestment.","Ineffective; Substitute Sustainability; Insufficient Campus Discourse; Substitute Impact Investing, Shareholder Engagement","__CIR Report and Recommendations on Fossil Fuels,_ Letter to President Richard Brodhead from Advisory Committee on
Investment Responsibility, Duke University, November 24, 2014. https://today.duke.edu/showcase/reports/2014-11-24_ACIR_
Report.pdf.", ,,1,0,1,0,0,0,1,0,0,0,0,1,0,0,1,0,0,0,0,0,0,0,,,,,,,1,,1,,1,1,,
2014 Q2,30-Apr-14,Fort Lewis College,127185,,No,NA,Yes,Unconditional,The Fort Lewis College Foundation Board has voted to not divest its endowment portfolio of fossil fuel investments,Previous Action Enough; Fiduciary; Apolitical; Risk Losing Company Donors,"Gene Bradley, Letter, Fort Lewis College Foundation Board of Directors, April 30, 2014. https://www.fortlewis.edu/
foundation/FoundationNews/DivestmentNotice/mid/21109/dnnprintmode/true.aspx?SkinSrc=%5BG%5DSkins/_default/
No%20Skin&ContainerSrc=%5BG%5DContainers/_default/No%20Container.",https://www.fortlewis.edu/foundation/AbouttheFoundation/DivestmentNotice.aspx , ,0,0,0,1,1,0,0,0,0,0,0,0,0,0,0,1,1,0,0,0,0,0,, ,1,1,,,,1,,,,,,
2016 Q1,3-Mar-16,George Washington University,131469,,No,NA,Yes,Unconditional,"""McCorvey said in an email statement that divestment is not part of GW__ investment strategy""",Substitute Sustainability; Substitute Sustainability Education,NA,https://www.gwhatchet.com/2016/03/03/officials-reject-fossil-fuel-divestment/, ,1,1,0,0,0,0,0,0,0,0,0,0,0,0,0,0,0,0,0,0,0,0,, ,,,1,,,,,,,,,
2013 Q4,3-Oct-13,Harvard University,166027,,No,NA,Yes,Unconditional,"While I share their belief in the importance of addressing climate change, I do not believe, nor do my colleagues on the Corporation, that university divestment from the fossil fuel industry is warranted or wise.",Apolitical; Fiduciary; Ineffective; Shareholder Engagement; Contradictory; Substitute Sustainability; Substitute Sustainability Education; Substitute Impact Investing,"Drew Faust, __ossil Fuel Divestment Statement,_ Letter to Members of the Harvard Community, Harvard University Office of
the President, October 3, 2013. http://www.harvard.edu/president/news/2013/fossil-fuel-divestment-statement.", ,,1,1,1,1,1,0,1,0,0,1,0,0,0,0,1,0,0,0,0,0,0,0,,1,1,1,1,,1,1,,,1,,,
2013 Q4,5-Nov-13,Haverford College,212911,,No,NA,Yes,At this time,"Based on the CISR__ recommendation, and for the reasons discussed below, the College__ governing Board of Managers has by consensus decided not to pursue divestment; however, the College will continue to engage with seriousness the larger question of how we as an institution and as a community can become more environmentally sustainable, and how we can contribute to a reduction or mitigation of human-induced climate change . . . Fossil fuel divestment as currently envisioned is not the right step for Haverford at this time.",Fiduciary; Ineffective; Substitute Impact Investing; Substitute Sustainability,"Catherine P. Koshland, Howard W. Lutnick, Daniel H. Weiss, __etter to Members of the Haverford Community,_ Haverford College, October 2013. https://www.haverford.edu/sites/default/files/Office/President/2013.10-Report-to-Community.pdf. ", https://www.google.com/url?sa=t&rct=j&q=&esrc=s&source=web&cd=1&ved=2ahUKEwiJ2LOsi63hAhVxx1kKHYOvCqMQFjAAegQIARAC&url=https%3A%2F%2Fwww.haverford.edu%2Fsites%2Fdefault%2Ffiles%2FOffice%2FPresident%2FHaverford-College-Fossil-Fuels-Divestment.pdf&usg=AOvVaw16RJdcWJCuyc5wSogUt6uK , ,1,0,1,1,0,0,1,0,0,0,0,0,0,0,0,0,0,0,0,0,0,0,,1,,1,,,,,,,1,,,1
2013 Q3,28-Aug-13,Middlebury College,230959,,No,NA,Yes,At this time,"At this time, too many of these questions either raise serious concerns or remain unanswered for the board to support divestment. Given its Fiduciary responsibilities, the board cannot look past the lack of proven alternative investment models, the difficulty and material cost of withdrawing from a complex portfolio of investments, and the uncertainties and risks that divestment would create.",Substitute Impact Investing,"Ronald D. Liebowitz, __iddlebury College Statement on Divestment,_ Middlebury College Newsroom, August 28, 2013.
http://www.middlebury.edu/newsroom/archive/524638/node/459563.", ,,0,0,1,0,0,0,0,0,0,0,0,0,0,0,0,0,0,0,0,0,0,0,,1,,1,,,,,,,,,,
2015 Q4,21-Oct-15,Massachusetts Institute of Technology (MIT),166683,,No,NA,Yes,Unconditional,"We agree entirely on the seriousness and urgency of the climate threat, and on the need for MIT to play a public leadership role. However, after studying this question, we conclude that divestment is incompatible with the strategy of engagement that forms the heart of today__ plan.",Shareholder Engagement; Substitute Sustainability; Substitute Sustainability Education; Criticism of Divestment Movement Tactics ,NA,https://www.theguardian.com/environment/2015/oct/21/mit-climate-change-plan-will-not-divest-fossil-fuels http://web.mit.edu/climateaction/ClimateChangeStatement-2015Oct21.pdf, ,1,1,0,0,0,0,0,0,0,0,0,0,0,0,1,0,0,0,0,1,0,0,, ,,,1,,1,,,,,,,
2015 Q1,26-Mar-15,New York University,193900,,No,NA,Yes,Unconditional,The working group has concluded that supporting divestment is primarily a political action or statement that expresses the University__ opposition to the fossil fuel industry__ role in global warming or climate change - and there is not sufficient justification for such an action or for enactment of a policy of the University . . . the working group unanimously agrees that it is not prudent to divest of investments in the fossil fuel 200 from comingled accounts. A minority of working group members do consider it prudent to divest of investments in the fossil fuel 200 in individually named accounts.,Not Enough Comparable Institutions Divesting,"__eport of the Fossil Fuel Divestment Working Group,_ Financial Affairs Committee of the University Senate, New York
University, March 26, 2015. http://www.capitalnewyork.com/sites/default/files/Fossil%20Fuel%20Divestment%20Working%20
Group%203%2026%202015.pdf.",https://www.google.com/url?sa=t&rct=j&q=&esrc=s&source=web&cd=1&ved=2ahUKEwjr_pn0i7XhAhWknOAKHXUQAs4QFjAAegQIABAC&url=https%3A%2F%2Fwww.nyu.edu%2Fcontent%2Fdam%2Fnyu%2FunivSenate%2Fdocuments%2Ffossil-fuel-divestment-working-group-3-26-2015.pdf&usg=AOvVaw0O3O9VZ8eZ8DF2PB3T6ThF, ,0,0,0,0,0,1,0,0,0,0,0,0,0,0,0,0,0,0,0,0,0,0,, ,,1,,,,1,1,,1,,,
2016 Q3,21-Sep-16,Notre Dame University (University of Notre Dame),152080,,No,NA,Yes,Unconditional,"Our strategy does not include a divestment by our endowment of companies that extract and sell fossil fuels, as some within and outside our campus community have urged.",Ineffective; Contradictory,NA,https://president.nd.edu/writings-addresses/2016-addresses/presidents-annual-address-to-the-faculty/Sustainability/, ,0,0,0,0,0,0,1,0,0,1,0,0,0,0,0,0,0,0,0,0,0,0,, ,,,1,,,,,,1,1,,
2015 Q3,12-Aug-14,Oregon State University,209542,,No,NA,Yes,At this time,"The Advisory Committee recommended to the Executive Committee that the Board not divest the Foundation__ fossil fuel holdings at this time. The Executive Committee, after its own additional deliberation, concurred with the Advisory Committee. ",Ineffective; Fiduciary; Substitute Sustainability; Substitute Sustainability Education,NA,http://campaignforosu.org/about/financial/documents/Fossil%20Fuel%20Divestment%20Statement%20-%20Aug%202014.pdf https://www.oregonlaws.org/ors/352.450 https://www.gazettetimes.com/news/local/osu-foundation-rejects-fossil-fuels-divestment-campaign/article_26445470-229b-11e4-afed-001a4bcf887a.html http://divestmentfacts.com/no-oregon-state-university-not-divest/ https://today.oregonstate.edu/archives/2017/jan/osu-board-trustees-adopts-10-year-business-forecast-fossil-fuel-divestiture https://agsci.oregonstate.edu/feature-story/divest-success https://www.gazettetimes.com/news/local/osu-board-votes-to-divest/article_7c828ec8-f5fe-5fa5-a68c-bdfbfe9e10e2.html , ,1,1,0,1,0,0,1,0,0,0,0,0,0,0,0,0,0,0,0,0,0,0,,1,,1,1,,,,,,,,,
2013 Q3,24-Sep-13,Pomona College,121345,,No,NA,Yes,Unconditional,"""President David Oxtoby announced in an e-mail sent on Sept. 24 that the Board of Trustees made their decision because of financial concerns based on the findings of a report made by the college__ primary investment consultant, Cambridge Associates. Pomona will retain its fossil fuel investments in separately managed accounts as well as commingled funds, Oxtoby wrote . . . 'It also remains unclear that divestment would have anything more than a symbolic Impact in fighting climate change,' Oxtoby wrote in the e-mail. 'Although symbolism does matter, it is hard to make the case that it would be worth the significant cost to future Pomona students.'""
",Fiduciary; Ineffective,"David W. Oxtoby, Letter to Pomona College Community, September 24, 2013.",student article: https://tsl.news/news3300/  (the announcement was an email. this article quotes the email), ,0,0,0,1,0,0,1,0,0,0,0,0,0,0,0,0,0,0,0,0,0,0,,1,,1,,,,,,,1,,,
2015 Q2,15-Apr-15,Princeton University,186131,,No,NA,Yes,Unconditional,"""'If the University itself behaves in a manner that is politically partial,' he said, 'we weaken our capacity to contribute to this debate in the way that is most needed, and as we are uniquely capable of doing _ by providing authoritative and impartial scholarly expertise.'""
",Apolitical,NA,https://paw.princeton.edu/article/divestment-advice, ,0,0,0,0,1,0,0,0,0,0,0,0,0,0,0,0,0,0,0,0,0,0,, ,,,,,,1,,,,,,
2014 Q3,17-Jul-14,Reed College,209922,,No,NA,Yes,Unconditional,"Balancing our social concern, our institutional financial concern, and our concern for keeping the college institutionally dissociated from particular political positions, the board did not agree that divestment of Reed__ endowment from fossil-fuel investments meets the high standards of our policy.",Fiduciary; Ineffective; Slippery Slope; Apolitical; Contradictory; Substitute Sustainability; Substitute Sustainability Education; No Political Consensus,"__eed College Board of Trustees Chairman Responds to Fossil Free Reed,_ Reed College Campus News, July 17, 2014.","https://www.reed.edu/reed_magazine/september2014/articles/eliot_circular/divest.html (summary; has link to full statement, which is no longer available)", ,1,1,0,1,1,0,1,0,0,1,1,0,0,0,0,0,0,1,0,0,0,0,,1,,1,1,,,1,1,1,1,,,
2015 Q2,1-Jun-15,Santa Clara University,122931,,No,NA,Yes,At this time,"After careful consideration, the Investment Committee has decided to maintain the University__ current approach to Investing, including in the energy sector. . .The Investment Committee does not believe at this time that selling any or all holdings within the University__ endowment that are deemed to support fossil-fuel extraction would clearly serve the purpose of either slowing the production or use of fossil-fuel created energy or encouraging the production of alternative energy sources.",Fiduciary; Ineffective; No Political Consensus; Substitute Impact Investing; Substitute Sustainability,"Santa Clara University statement, emailed by Deepa Arora, Communications Director.",https://www.scu.edu/fa/issue-areas/, ,1,0,1,1,0,0,1,0,0,0,1,0,0,0,0,0,0,0,0,0,0,0,,1,,1,,,,,,,1,,1,
2013 Q4,11-Oct-13,Swarthmore College,216287,,No,NA,Yes,Unconditional,2013: it is our collective judgment that the cost of divestment would far outweigh any potential benefit. 2015: the Board of Managers of Swarthmore College reached consensus not to divest from fossil fuels,2013: Fiduciary; Ineffective; Contradictory; Substitute Sustainability Education; Substitute Sustainability; Shareholder Engagement 2015: Fiduciary; Apolitical; Substitute Sustainability; Substitute Sustainability Education; Substitute Impact Investing; Focus on Consumption,"Gil Kemp, __n Open Letter on Divestment,_ Swarthmore College Board of Managers, September 11, 2013. http://www.
swarthmore.edu/board-managers/open-letter-divestment. Gil Kemp, __ustainability and Investment Policy,_ Swarthmore College Board of Managers, May 2, 2015. http://www.
swarthmore.edu/board-managers/sustainability-and-investment-policy.",https://www.swarthmore.edu/board-managers/open-letter-divestment (2013 link), ,1,1,1,1,1,0,1,0,0,1,0,0,1,0,1,0,0,0,0,0,0,0,,1,,1,1,1,1,1,,,1,,,
2014 Q1,14-Feb,Tufts University,168148,,No,NA,Yes,At this time,The majority of the working group recommends against beginning a process of divesting at this time.,Fiduciary; Ineffective; Substitute Sustainability; Substitute Impact Investing; Substitute Sustainability Education,"__ecommendations of the Tufts Divestment Working Group,_ Tufts University Office of the President, January 9, 2014.
http://president.tufts.edu/recommendations-of-the-tufts-divestment-working-group/.", ,,1,1,1,1,0,0,1,0,0,0,0,0,0,0,0,0,0,0,0,0,0,0,,1,,1,1,,,,,,1,,,
2014 Q2,23-Apr-14,Tulane University (of Lousiana in IPEDS),160755,,No,NA,Yes,Unknown,"Source 1: ""Former President Scott Cowen sent a letter to Divest Tulane in May 2014 which stated that the university would not to divest from fossil fuels."" Source 2: ""'we do not see divesting from the fossil fuel industry as an appropriate or effective tactic in achieving the desired end of reversing or slowing down climate change'""",Ineffective,"Scott S. Cowen, __etter to Divest Tulane Members,_ April 23, 2014. http://www.divesttulane.org/
uploads/2/4/6/6/24661412/reponse_from_president_cowen_and_the_board_of_tulane_university.pdf.
824 __C Announces New Approaches to Combat Climate Change,_ University of California Office of the President",https://tulanehullabaloo.com/2181/news/divest-tulane-organizes-sit-in-in-gibson-hall/ https://www.nola.com/Education/2015/02/report_claims_fossil_fuel_dive.html?outputType=amp, ,0,0,0,0,0,0,1,0,0,0,0,0,0,0,0,0,0,0,0,0,0,0,, ,,,,,,,,,1,,,
2015 Q2,15-Apr,University of Colorado (Systems Office),128300,,No,NA,Yes,Unconditional,"""'The Board of Regents spoke clearly that we don't believe in divestment of energy companies,' said Regent John Carson, a Republican from Highlands Ranch. 'It's an important industry to our state.'""",Apolitical; Ineffective; Fossil Fuels Are Necessary,"__oard of Regents Rejects Energy Company Divestment,_ University of Colorado, April 16, 2015. http://www.colorado.edu/
news/features/board-regents-rejects-energy-company-divestment#sthash.jAQ9cDcZ.dpuf.",https://www.google.com/url?sa=t&rct=j&q=&esrc=s&source=web&cd=1&cad=rja&uact=8&ved=2ahUKEwjv-bmSyrfhAhWBdt8KHTP7DWEQFjAAegQIARAB&url=http%3A%2F%2Fwww.dailycamera.com%2Fcu-news%2Fci_27924351%2Fcus-board-regents-says-no-fossil-fuel-divestment&usg=AOvVaw3PVLykP2Vfg_n8blhsib4x https://www.colorado.edu/today/2017/05/03/dear-fossil-free-cu      , ,0,0,0,0,1,0,1,0,0,0,0,0,0,0,0,0,0,0,1,0,0,0,, ,,,,,,,,,,1,,
2015 Q4,4-Dec-15,University of Michigan-Ann Arbor,170976,,No,NA,Yes,Unconditional,I do not think that consideration of divestment from fossil fuels is the right step.,Substitue Sustainability; Substitute Sustainability Education; Fossil Fuels Are Necessary; Ineffective; Apolitical,NA,https://president.umich.edu/news-communications/on-the-agenda/addressing-climate-change-as-a-powerful-community/, ,1,1,0,0,1,0,1,0,0,0,0,0,0,0,0,0,0,0,1,0,0,0,, ,,,1,,,1,,,,1,,
2015 Q4,4-Dec-15,University of Michigan-Dearborn,171137,,No,NA,Yes,Unconditional,I do not think that consideration of divestment from fossil fuels is the right step.,Substitue Sustainability; Substitute Sustainability Education; Fossil Fuels Are Necessary; Ineffective; Apolitical,NA,https://president.umich.edu/news-communications/on-the-agenda/addressing-climate-change-as-a-powerful-community/, ,1,1,0,0,1,0,1,0,0,0,0,0,0,0,0,0,0,0,1,0,0,0,, ,,,1,,,1,,,,1,,
2015 Q4,4-Dec-15,University of Michigan-Flint,171146,,No,NA,Yes,Unconditional,I do not think that consideration of divestment from fossil fuels is the right step.,Substitue Sustainability; Substitute Sustainability Education; Fossil Fuels Are Necessary; Ineffective; Apolitical,NA,https://president.umich.edu/news-communications/on-the-agenda/addressing-climate-change-as-a-powerful-community/, ,1,1,0,0,1,0,1,0,0,0,0,0,0,0,0,0,0,0,1,0,0,0,, ,,,1,,,1,,,,1,,
2015 Q3,30-Sep-15,(The) University of Montana,180489,,No,NA,Yes,At this time,"Therefore, having carefully investigated the Impact of divestment on the Foundation__ long-term investment portfolio and our ability to support the University, we have determined not to divest at this time.",Fiduciary; No Consensus on Effectiveness; Substitute Sustainability Education; Apolitical,NA,https://missoulian.com/news/local/university-of-montana-coalition-again-asks-um-foundation-to-divest/article_b207a2ed-c14f-5d55-8420-6f2d78f208c4.html, ,0,1,0,1,1,0,0,1,0,0,0,0,0,0,0,0,0,0,0,0,0,0,,1,,1,1,,,1,,,,,,
2015 Q3,30-Sep-15,(The) University of Montana - Western,180692,,No,NA,Yes,At this time,"Therefore, having carefully investigated the Impact of divestment on the Foundation__ long-term investment portfolio and our ability to support the University, we have determined not to divest at this time.",Fiduciary; No Consensus on Effectiveness; Substitute Sustainability Education; Apolitical,NA,https://missoulian.com/news/local/university-of-montana-coalition-again-asks-um-foundation-to-divest/article_b207a2ed-c14f-5d55-8420-6f2d78f208c4.html, ,0,1,0,1,1,0,0,1,0,0,0,0,0,0,0,0,0,0,0,0,0,0,,1,,1,1,,,1,,,,,,
2016 Q2,16-Apr,University of Oregon,209551,,No,NA,Yes,At this time,We don't feel that divestment is the best strategy at this time.,Fiduciary; Substitute Impact Investing,NA,http://www.uofoundation.org/s/1540/foundation16/interior.aspx?sid=1540&gid=1&calcid=1063&calpgid=61&pgid=252&ecid=6775&crid=0 THEN THEY DIVESTED IN 2016: http://projects.registerguard.com/rg/news/local/34790290-75/uo-foundation-is-on-the-road-to-divesting-in-fossil-fuels-website-says.html.csp http://www.uofoundation.org/s/1540/foundation16/interior.aspx?sid=1540&gid=1&pgid=6824&sparam=investment&scontid=0, ,0,0,1,1,0,0,0,0,0,0,0,0,0,0,0,0,0,0,0,0,0,0,,1,,1,,,,,,,,,,
2014 Q1,14-Mar-14,University of Rhode Island,217484,,No,NA,Yes,At this time,"After a comprehensive discussion weighing all of the considerations, the Executive Board of the URI Foundation has decided not to divest.",Fiduciary; Too Complicated,"Michael J. Smith, __etter to Professor Peter Nightingale, Fossil Free Rhode Island,_ University of Rhode Island Foundation,
March 14, 2014. http://static1.1.sqspcdn.com/static/f/421074/24559784/1395186372277/Fossil+Free_sig.pdf?token=Fw%2F
40MyNr3VXRaPUiHmKYcjVWmg%3D.", , ,0,0,0,1,0,0,0,0,0,0,0,0,0,0,0,0,0,0,0,0,1,0,,1,1,1,,,,,,,,,,
2013 Q4,2-Dec-13,The University of Tennessee-Chattanooga,221740,,No,NA,Yes,Unknown,"""The letter included two main points for the board's rejection: hesitancy to introduce potentially controversial goals to the mission of the endowment and a perceived burden a new subcommittee would place on the Investment Office."" (note: they also asked for a subcommittee on investor responsibility to be created.) ""'They look at an endowment for one purpose: to make money,' Hayes said. 'So they are tentative to use it in any sort of way to be used as a tool in any sort of social issues.'""",Apolitical; Fiduciary,"__esolution for Responsible Investment,_ Letter from Office of the Treasurer, University of Tennessee System, December 2, 2013.","https://www.coursehero.com/file/9209077/UT-Rejection-Letter/ (part of a class; must subscribe to view), __esolution for Responsible Investment,_ Letter from Office of the Treasurer, University of Tennessee System, December 2, 2013.http://www.utdailybeacon.com/news/ut-rejects-proposal-for-fossil-fuel-divestment/article_b5e55a12-e747-5d49-9323-ed5387cbbe06.html", ,0,0,0,1,1,0,0,0,0,0,0,0,0,0,0,0,0,0,0,0,0,0,,1,,1,,,,1,,,,,,
2013 Q4,2-Dec-13,The University of Tennessee-Health Science Center,487010,,No,NA,Yes,Unknown,"""The letter included two main points for the board's rejection: hesitancy to introduce potentially controversial goals to the mission of the endowment and a perceived burden a new subcommittee would place on the Investment Office."" (note: they also asked for a subcommittee on investor responsibility to be created.) ""'They look at an endowment for one purpose: to make money,' Hayes said. 'So they are tentative to use it in any sort of way to be used as a tool in any sort of social issues.'""",Apolitical; Fiduciary,"__esolution for Responsible Investment,_ Letter from Office of the Treasurer, University of Tennessee System, December 2, 2013.","https://www.coursehero.com/file/9209077/UT-Rejection-Letter/ (part of a class; must subscribe to view), __esolution for Responsible Investment,_ Letter from Office of the Treasurer, University of Tennessee System, December 2, 2013.http://www.utdailybeacon.com/news/ut-rejects-proposal-for-fossil-fuel-divestment/article_b5e55a12-e747-5d49-9323-ed5387cbbe06.html", ,0,0,0,1,1,0,0,0,0,0,0,0,0,0,0,0,0,0,0,0,0,0,,1,,1,,,,1,,,,,,
2013 Q4,2-Dec-13,The University of Tennessee-Knoxville,221759,,No,NA,Yes,Unknown,"""The letter included two main points for the board's rejection: hesitancy to introduce potentially controversial goals to the mission of the endowment and a perceived burden a new subcommittee would place on the Investment Office."" (note: they also asked for a subcommittee on investor responsibility to be created.) ""'They look at an endowment for one purpose: to make money,' Hayes said. 'So they are tentative to use it in any sort of way to be used as a tool in any sort of social issues.'""",Apolitical; Fiduciary,"__esolution for Responsible Investment,_ Letter from Office of the Treasurer, University of Tennessee System, December 2, 2013.","https://www.coursehero.com/file/9209077/UT-Rejection-Letter/ (part of a class; must subscribe to view), __esolution for Responsible Investment,_ Letter from Office of the Treasurer, University of Tennessee System, December 2, 2013.http://www.utdailybeacon.com/news/ut-rejects-proposal-for-fossil-fuel-divestment/article_b5e55a12-e747-5d49-9323-ed5387cbbe06.html", ,0,0,0,1,1,0,0,0,0,0,0,0,0,0,0,0,0,0,0,0,0,0,,1,,1,,,,1,,,,,,
2013 Q4,2-Dec-13,The University of Tennessee-Martin,221768,,No,NA,Yes,Unknown,"""The letter included two main points for the board's rejection: hesitancy to introduce potentially controversial goals to the mission of the endowment and a perceived burden a new subcommittee would place on the Investment Office."" (note: they also asked for a subcommittee on investor responsibility to be created.) ""'They look at an endowment for one purpose: to make money,' Hayes said. 'So they are tentative to use it in any sort of way to be used as a tool in any sort of social issues.'""",Apolitical; Fiduciary,"__esolution for Responsible Investment,_ Letter from Office of the Treasurer, University of Tennessee System, December 2, 2013.","https://www.coursehero.com/file/9209077/UT-Rejection-Letter/ (part of a class; must subscribe to view), __esolution for Responsible Investment,_ Letter from Office of the Treasurer, University of Tennessee System, December 2, 2013.http://www.utdailybeacon.com/news/ut-rejects-proposal-for-fossil-fuel-divestment/article_b5e55a12-e747-5d49-9323-ed5387cbbe06.html", ,0,0,0,1,1,0,0,0,0,0,0,0,0,0,0,0,0,0,0,0,0,0,,1,,1,,,,1,,,,,,
2013 Q4,1-Dec,University of Vermont,231174,,No,NA,Yes,Unconditional,"""After about 10 minutes of discussion Wednesday, sub-committee chairman Sam Bain called the question _ that is, whether the sub-committee should advance a proposal to divest from fossil fuels to the Budget, Finance and Investment Committee. Bain and the two other members _ David Daigle and Rob Brennan _ voted no . . . Bain said the sub-committee had reached consensus: 'I believe that we are well served to not move this forward because I don__ think we believe that it is in the best interest of the endowment.'""",Fiduciary,"Tim Johnson, __VM Trustees Reject Fossil-Fuel Divestment,_ Burlington Free Press, December 18, 2013. http://www.
burlingtonfreepress.com/story/news/2013/12/18/uvm-trustees-reject-fossil-fuel-divestment/4117649/.", , ,0,0,0,1,0,0,0,0,0,0,0,0,0,0,0,0,0,0,0,0,0,0,,1,,1,,,,,,,,,,
2013 Q4,1-Dec-13,Vassar College,197133,,No,NA,Yes,Unconditional,TIRC reached a unanimous decision to decline the recommendation of CIRC to divest from the College__ endowment investments in public companies involved in the fossil fuel industry. This reaffirms and is consistent with the decision of the Board of Trustees in 2013 not to divest the College__ fossil fuel-related investments. ,Apolitical; Fiduciary; Substitute Sustainability,"Susan DeKrey, email to Rachelle Peterson, October 9, 2015.",https://president.vassar.edu/community/171101-letter.html https://alums.vassar.edu/news/stories/2017-2018/180306-divestiture.html, ,1,0,0,1,1,0,0,0,0,0,0,0,0,0,0,0,0,0,0,0,0,0,,1,,1,,,,1,,,,,,
2014 Q2,22-Apr-14,Washington University at (in) St. Louis,179867,,No,NA,Yes,Unconditional,"""'The longstanding policy of the board of trustees has been that the investment policy will not be changed or used to support political, social, or other agendas,' Wrighton said in a statement.""",Apolitical,"__tatement From Chancellor Mark S. Wrighton & Provost Holden Thorp,_ Washington University in St. Louis, April 22, 2014.
https://news.wustl.edu/run/Documents/Leaders-Perspective-Student-Demonstration.pdf.",http://www.studlife.com/news/2017/04/24/washington-university-addresses-fossil-free-will-not-divest/ (2017) https://www.ecowatch.com/breaking-7-washington-university-students-arrested-protesting-peabody--1881906908.html, ,0,0,0,0,1,0,0,0,0,0,0,0,0,0,0,0,0,0,0,0,0,0,, ,,,,,,1,,,,,,
2014 Q1,7-Mar-14,Wellesley College,168218,,No,NA,Yes,Unconditional,"The Board of Trustees has decided that divestment is not a good option for Wellesley College. The Board, and I, do not support the idea of using the College__ endowment as a lever for social change and determined that such an action would conflict with the purpose of the endowment.",Apolitical; Fiduciary; Substitute Sustainability; Substitute Sustainability Education; Substitute Impact Investing; Ineffective,"H. Kim Bottomly, __ellesley's Board of Trustees has carefully considered proposals of fossil fuel divestment,_ Wellesley
College Office of the President, March 7, 2014. http://www.wellesley.edu/about/president/mytake/divestment.", , ,1,1,1,1,1,0,1,0,0,0,0,0,0,0,0,0,0,0,0,0,0,0,,1,,1,1,,,1,,,1,,,
2014 Q1,7-Feb-14,Whitman College,237057,,No,NA,Yes,Unconditional,The Governing Boards and administration ultimately concluded that divestment in these companies was not in the best interest of Whitman College . . . At this time we believe it is not practical to prohibit future investment in all fossil fuels nor is it necessary to establish a committee to study divestment of 2% of the portfolio.,Fiduciary; Ineffective; Contradictory; Substitute Sustainability Education; Substitute Sustainability,"__hitman College Board of Trustees Statement on Divestment,_ Whitman College, February 7, 2014. https://docs.google.
com/file/d/0B3Wwshby0H92OXJibG1kekRjNEk/edit.", , ,1,1,0,1,0,0,1,0,0,1,0,0,0,0,0,0,0,0,0,0,0,0,,1,,1,1,,,,,,1,,,
2015 Q3,10-Sep-15,Williams College,168342,,No,NA,Yes,Unconditional,"We have not chosen to include divestment, as called for by the petitioners, as part of the college__ response to the challenge of climate change.",Fiduciary; Substitute Sustainability; Substitute Sustainability Education; Substitute Impact Investing; Ineffective,NA,https://president.williams.edu/board-of-trustees/statement-by-the-board-of-trustees-and-president-adam-f-falk-on-the-colleges-role-in-addressing-climate-change/, ,1,1,1,1,0,0,1,0,0,0,0,0,0,0,0,0,0,0,0,0,0,0,,1,,1,1,,,,,,1,,,
2017 Q1,1/24/17,University of Denver,127060,,No,NA,Yes,Unconditional,"Regarding divestment, the Board adopted the task force recommendation that divestment in fossil fuel companies, or any other industry, would not be an effective means of mitigating global warming nor would it be consistent with the endowment__ long-term purpose to provide enduring benefit to present and future students, faculty, staff and other Shareholders.",Substitute Sustainability; Substitute Sustainability Education; Substitute Impact Investing; Apolitical; Too Complicated; Ineffective,NA,http://www.portfolio.du.edu/divestment, ,1,1,1,0,1,0,1,0,0,0,0,0,0,0,0,0,0,0,0,0,1,0,, ,,,1,1,,1,,,1,,,
2016 Q3,7/11/16,Northeastern University,167358,,No,NA,Yes,Unconditional,"We have deliberately chosen to invest, not divest.",Substitute Impact Investing ,NA,https://news.northeastern.edu/2016/07/11/northeastern-to-invest-25-million-of-endowment-funds-in-environmental-Sustainability/ https://huntnewsnu.com/43261/editorial/column-by-Investing-rather-than-divesting-northeastern-exhibits-hypocrisy/, ,0,0,1,0,0,0,0,0,0,0,0,0,0,0,0,0,0,0,0,0,0,0,, ,,,,,,,,,,,,
2016 Q3,7/1/19,University of Utah,230764,,No,NA,Yes,Unconditional,"Like many other major universities around the country, we are not convinced that divestment from fossil fuel-heavy funds in the next five years, as the Senate has recommended, is the best method for addressing these challenges",Ineffective; Substitute Impact Investing,NA,https://archive.sltrib.com/article.php?id=4067764&itype=CMSID, ,0,0,1,0,0,0,1,0,0,0,0,0,0,0,0,0,0,0,0,0,0,0,, ,,,,,,,,,1,,,
2017 Q1,2/8/19,Grinnell College,153384,,No,NA,Yes,Unconditional,"2017: I have concluded that divestment of our college's endowment is not a tactic that I can support to address the problem. 2018: Having considered a great deal of information and diverse perspectives, we recommended that the College should not divest from fossil fuel holdings in our endowment. ",2017: Substitute Impact Investing; Shareholder Engagement; Fiduciary; Fossil Fuel Companies = Green Energy Companies; 2018: Ineffective; Fiduciary; Shareholder Engagement; Substitute Impact Investing; Substitute Sustainability,NA,original response: https://www.grinnell.edu/news/special-campus-memo-divestment task force created bc of student discontent: https://www.grinnell.edu/news/board-task-force-fossil-fuel-divestment task force findings: https://www.grinnell.edu/news/recommendations-climate-Impact-Sustainability-and-divestment, ,1,0,1,1,0,0,1,0,0,0,0,0,0,0,1,0,0,0,0,0,0,1,,1,,1,,,,,,,1,,,
2017 Q2,4/13/17,Mount Holyoke College,166939,,No,NA,Yes,Unconditional,"After careful consideration and lengthy deliberations, we have voted unanimously as a Board against divesting publicly traded fossil fuel holdings from our endowment.",Ineffective; Fiduciary; Substitute Sustainability; Substitute Impact Investing,NA,https://www.mtholyoke.edu/financial/divestment-faqs#deliberations https://www.mtholyoke.edu/financial/board-trustees-announces-decision-divestment-following-thorough-review, ,1,0,1,1,0,0,1,0,0,0,0,0,0,0,0,0,0,0,0,0,0,0,,1,,1,,,,,,,1,,,
2016 Q3,8/31/16,Columbia University,190150,,No,NA,Yes,At this time,The ACSRI found that the BCD proposal did not meet the criteria for divestment. Therefore the committee recommends to the trustees that we not adopt the BCD proposal.,No Political Consensus; Ineffective; Shareholder Engagement,"__esponse to Request from Barnard Columbia Divest,_ Advisory Committee on Socially Responsible Investing, Columbia
University. http://finance.columbia.edu/files/gateway/content/evp/Response%20to%20Barnard%20Columbia%20Divest%20
Proposal%20FINAL.pdf.",https://www.columbiaspectator.com/news/2014/05/14/acsri-votes-not-support-fossil-fuel-divestment-proposal/, ,0,0,0,0,0,0,1,0,0,0,1,0,0,0,1,0,0,0,0,0,0,0,, ,,,,,1,,,,1,,1,1
2014 Q1,2/21/14,Seattle University,236595,,No,NA,Yes,Unconditional,"Using endowment funds entrusted to us by donors for a purpose other than their original intent is an extraordinary step. As some participants in SSA's recent forum noted, divestment from fossil fuels will neither Impact the finances nor change the behavior of affected companies. We believe there are more effective ways to address climate change. For these reasons, we are not prepared to move forward on a feasibility study of divestment from fossil fuel companies.",Apolitical; Ineffective,"Connie Kanter, Letter to Members of Student Sustainable Action, Seattle University, February 21, 2014. http://www.
seattleu.edu/uploadedFiles/Student_Government_of_Seattle_University/Content/2014.02.21%20Letter%20to%20SSA.pdf.",https://www.thestranger.com/slog/archives/2014/04/14/seattle-university-rejects-divestment-from-fossil-fuels, ,0,0,0,0,1,0,1,0,0,0,0,0,0,0,0,0,0,0,0,0,0,0,, ,1,,,,,,,,1,,,
2014 Q3,8/27/14,Yale University,130794,,No,NA,Yes,Unconditional,We believe . . . that the actions Fossil Free Yale proposes Yale take as an institutional investor -- divestment or shareholder engagement as a precondition to divestment -- are neither the right means of addressing this serious threat nor would they be effective.,Ineffective; Substitute Sustainability Education; Shareholder Engagement; Focus on Consumption,"__tatement of the Yale Corporation Committee on Investor Responsibility,_ Yale University, August 27, 2014. http://
secretary.yale.edu/sites/default/files/files/CCIR%20Statement.pdf.", , ,0,1,0,0,0,0,1,0,0,0,0,0,1,0,1,0,0,0,0,0,0,0,,,,,1,1,1,,,,1,1,,
2016 Q2,4/25/16,Stanford University,243744,,No,NA,Yes,Unconditional,"After extensive consideration and review of the criteria in the Statement on Investment Responsibility, the trustees agree that the criteria are not met and are declining to divest.",Substitute sustainability; substitute sustainability education; fossil fuels are necessary; fossil fuel companies = green energy companies; focus on consumption,NA,https://news.stanford.edu/2016/04/25/stanford-climate-change-statement-board-trustees/, ,1,1,0,0,0,0,0,0,0,0,0,0,1,0,0,0,0,0,1,0,0,1,, ,,,1,1,,,,,,1,,1
2016 Q4,11/28/18,Brandeis University,165015,,No,NA,Yes,Unconditional,"We will not divest from commingled funds that contain fossil fuel investments, because to do so would be imprudent and place the financial well-being of our endowment in jeopardy, and in particular funding that provides a significant amount of support to student financial aid and endowed professorships.",Fiduciary; substitute sustainability; substitute sustainability education,NA,https://www.brandeis.edu/president/letters/2018-11-28-fossil-fuel-investment-policies.html, ,1,1,0,1,0,0,0,0,0,0,0,0,0,0,0,0,0,0,0,0,0,0,,1,,1,1,,,,,,,,,
2020 Q1,2/20/20,Northwestern University,147767,,No,NA,Yes,Unknown,_he Investment Committee does not believe the proposed divestment would generate tangible and positive change toward FFN_ goals related to climate change,,,https://dailynorthwestern.com/2020/02/20/campus/board-of-trustees-rejects-fossil-free-divestment-proposal/,,0,0,1,0,0,0,1,0,0,0,0,0,0,0,0,0,0,0,0,0,0,0,,,,,,,,,,,1,,,
2015 Q4,11/12/15,Carleton College,173258,,No,NA,Yes,Unconditional,The board does not support your committee's divestment recommendation and has voted not to divest.,Fiduciary; Apolitical; Ineffective; Substitute Sustainability; Substitute Sustainability Education; Shareholder Engagement,NA ,https://apps.carleton.edu/governance/cric/divest/ https://apps.carleton.edu/carletonian/?story_id=1579260&section_id=345118&issue_id=1579256, ,1,1,0,1,1,0,1,0,0,0,0,0,0,0,1,0,0,0,0,0,0,0,,1,,1,1,,1,1,,,1,,,1
2016 Q3,9/22/16,University of Pennsylvania,215062,,No,NA,Yes,Unconditional,"The Executive Committee of the Trustees, at its Stated Meeting on September 22, 2016, unanimously approved a Resolution accepting the Ad Hoc Advisory Committees findings and recommendation to not divest from holdings related to fossil fuels.",Substitute Sustainability; Substitute Sustainability Education; Insufficient Moral Case,NA,2018: https://secretary.upenn.edu/sites/default/files/Faculty%20Senate%20Letter%20to%20Fossil%20Free%20Penn%20-%20October%202018.pdf 2016:https://secretary.upenn.edu/sites/default/files/9.22.16%20DLC%20Response%20to%20FFP%20Proposal.pdf, ,1,1,0,0,0,0,0,0,0,0,0,0,0,1,0,0,0,0,0,0,0,0,, ,,,1,,,,,,,,,